-- phpMyAdmin SQL Dump
-- version 4.0.4
-- http://www.phpmyadmin.net
--
-- Máquina: localhost
-- Data de Criação: 01-Mar-2018 às 17:57
-- Versão do servidor: 5.6.12-log
-- versão do PHP: 5.4.16

SET SQL_MODE = "NO_AUTO_VALUE_ON_ZERO";
SET time_zone = "+00:00";


/*!40101 SET @OLD_CHARACTER_SET_CLIENT=@@CHARACTER_SET_CLIENT */;
/*!40101 SET @OLD_CHARACTER_SET_RESULTS=@@CHARACTER_SET_RESULTS */;
/*!40101 SET @OLD_COLLATION_CONNECTION=@@COLLATION_CONNECTION */;
/*!40101 SET NAMES utf8 */;

--
-- Base de Dados: `compumaster`
--
CREATE DATABASE IF NOT EXISTS `compumaster` DEFAULT CHARACTER SET utf8 COLLATE utf8_general_ci;
USE `compumaster`;

-- --------------------------------------------------------

--
-- Estrutura da tabela `aluno`
--

CREATE TABLE IF NOT EXISTS `aluno` (
  `id` int(11) NOT NULL AUTO_INCREMENT,
  `Nome_Aluno` varchar(255) DEFAULT NULL,
  `Data_de_Nascimento` date DEFAULT NULL,
  `Nome_Responsavel` varchar(255) DEFAULT NULL,
  `RG` varchar(255) DEFAULT NULL,
  `CPF_CNPJ` varchar(255) DEFAULT NULL,
  `Fone_1` varchar(255) DEFAULT NULL,
  `Fone_2` varchar(255) DEFAULT NULL,
  `Email` varchar(255) DEFAULT NULL,
  `Endereco` varchar(255) DEFAULT NULL,
  `Numero` varchar(255) DEFAULT NULL,
  `Bairro` varchar(255) DEFAULT NULL,
  `Cidade` varchar(255) DEFAULT NULL,
  `Estado` varchar(255) DEFAULT NULL,
  `Obs` blob,
  PRIMARY KEY (`id`)
) ENGINE=InnoDB  DEFAULT CHARSET=utf8 AUTO_INCREMENT=234 ;

--
-- Extraindo dados da tabela `aluno`
--

INSERT INTO `aluno` (`id`, `Nome_Aluno`, `Data_de_Nascimento`, `Nome_Responsavel`, `RG`, `CPF_CNPJ`, `Fone_1`, `Fone_2`, `Email`, `Endereco`, `Numero`, `Bairro`, `Cidade`, `Estado`, `Obs`) VALUES
(1, 'Emerson Francisco', NULL, '', '', '', '(99) 98847-7511', '(  )      -    ', '', '', '', '', '', '', ''),
(2, 'Henrique Santos Pereira', NULL, '', '', '', '(  )      -    ', '(  )      -    ', '', '', '', '', '', '', ''),
(3, 'Ana Clara Ribeiro Pinto', NULL, '', '', '', '(  )      -    ', '(  )      -    ', '', '', '', '', '', '', ''),
(4, 'Kadson Kaick de Almada', NULL, '', '', '', '(  )      -    ', '(  )      -    ', '', '', '', '', '', '', ''),
(5, 'Ana Carolina dos S. Reis', NULL, '', '', '', '(  )      -    ', '(  )      -    ', '', '', '', '', '', '', ''),
(6, 'João Pedro Pereira', NULL, '', '', '', '(  )      -    ', '(  )      -    ', '', '', '', '', '', '', ''),
(7, 'Thinara Samantha', NULL, '', '', '', '(  )      -    ', '(  )      -    ', '', '', '', '', '', '', ''),
(8, 'Railanne de Araújo', NULL, '', '', '', '(  )      -    ', '(  )      -    ', '', '', '', '', '', '', ''),
(9, 'Emyli Maria Vale Viana', NULL, '', '', '', '(  )      -    ', '(99) 98811-6668', '', '', '', '', '', '', ''),
(10, 'Licya Caroline Cavalcante Lopes', NULL, '', '', '', '(  )      -    ', '(99) 98815-4948', '', '', '', '', '', '', ''),
(11, 'João Victor da Conceição', NULL, '', '', '', '(  )      -    ', '(99) 98815-4948', '', '', '', '', '', '', ''),
(12, 'Mayara Lima dos Santos', NULL, '', '', '', '(  )      -    ', '(99) 98401-8508', '', '', '', '', '', '', ''),
(13, 'Andressa do Nascimento', NULL, '', '', '', '(  )      -    ', '(99) 98401-8508', '', '', '', '', '', '', ''),
(14, 'Poliana Costa da Silva', NULL, '', '', '', '(  )      -    ', '(99) 98401-8508', '', '', '', '', '', '', ''),
(15, 'Rita de Cássia da Silva', NULL, '', '', '', '(99) 98879-4188', '(  )      -    ', '', '', '', '', '', '', ''),
(16, 'Thainara  Costa Lima', NULL, '', '', '', '(99) 98879-4188', '(  )      -    ', '', '', '', '', '', '', ''),
(17, 'Wilke Kauâ da Silva', NULL, '', '', '', '(  )      -    ', '(  )      -    ', '', '', '', '', '', '', ''),
(18, 'Geilma', NULL, '', '', '', '(99) 98842-3759', '(  )      -    ', '', '', '', '', '', '', ''),
(19, 'Francisco Helton', NULL, '', '', '', '(99) 98812-6494', '(  )      -    ', '', '', '', '', '', '', ''),
(20, 'Ruan Gabriel ', NULL, '', '', '', '(  )      -    ', '(  )      -    ', '', '', '', '', '', '', ''),
(21, 'Ewerton Gabriel', NULL, '', '', '', '(  )      -    ', '(  )      -    ', '', '', '', '', '', '', ''),
(22, 'Elinelcio Borges de Araújo', NULL, '', '', '', '(  )      -    ', '(  )      -    ', '', '', '', '', '', '', ''),
(23, 'Antonio Francisco R. Campos', NULL, '', '', '', '(  )      -    ', '(  )      -    ', '', '', '', '', '', '', ''),
(24, 'Jucilene Medeiros', NULL, '', '', '', '(  )      -    ', '(  )      -    ', '', '', '', '', '', '', ''),
(25, 'Nathercia Rayzza', NULL, '', '', '', '(  )      -    ', '(  )      -    ', '', '', '', '', '', '', ''),
(26, 'Maria Francisca', NULL, '', '', '', '(  )      -    ', '(  )      -    ', '', '', '', '', '', '', ''),
(27, 'Natalia Borges', NULL, '', '', '', '(  )      -    ', '(  )      -    ', '', '', '', '', '', '', ''),
(28, 'Erick Matheus', NULL, '', '', '', '(  )      -    ', '(  )      -    ', '', '', '', '', '', '', ''),
(29, 'Henrique Moraes de Jesus', NULL, '', '', '', '(  )      -    ', '(  )      -    ', '', '', '', '', '', '', ''),
(30, 'Elissandra Moraes de Jesus', NULL, '', '', '', '(  )      -    ', '(  )      -    ', '', '', '', '', '', '', ''),
(31, 'Ariel de Oliveira Montes', NULL, '', '', '', '(  )      -    ', '(  )      -    ', '', '', '', '', '', '', ''),
(32, 'Pedro Alves de Oliveira Araujo', NULL, '', '', '', '(  )      -    ', '(  )      -    ', '', '', '', '', '', '', ''),
(33, 'Kamila Abusamak R. Lopes', NULL, '', '', '', '(  )      -    ', '(  )      -    ', '', '', '', '', '', '', ''),
(34, 'João de Deus Arruda de Jesus', NULL, '', '', '', '(  )      -    ', '(  )      -    ', '', '', '', '', '', '', ''),
(35, 'Rebeca Lopes de S. Silva', NULL, '', '', '', '(  )      -    ', '(  )      -    ', '', '', '', '', '', '', ''),
(36, 'Geyslanne de Almeida Reis', NULL, '', '', '', '(  )      -    ', '(  )      -    ', '', '', '', '', '', '', ''),
(37, 'Analice Pereira da Silva', NULL, '', '', '', '(  )      -    ', '(  )      -    ', '', '', '', '', '', '', ''),
(38, 'Alanna Raquel S. Nascimento', NULL, '', '', '', '(  )      -    ', '(  )      -    ', '', '', '', '', '', '', ''),
(39, 'Weslany dos Santos ', NULL, '', '', '', '(  )      -    ', '(  )      -    ', '', '', '', '', '', '', ''),
(40, 'Alan dos Santos', NULL, '', '', '', '(  )      -    ', '(  )      -    ', '', '', '', '', '', '', ''),
(41, 'Darlison dos Santos', NULL, '', '', '', '(  )      -    ', '(  )      -    ', '', '', '', '', '', '', ''),
(42, 'Francisco das Chagas', NULL, '', '', '', '(  )      -    ', '(  )      -    ', '', '', '', '', '', '', ''),
(43, 'Jonilton da Conceição Moura', NULL, '', '', '', '(  )      -    ', '(  )      -    ', '', '', '', '', '', '', ''),
(44, 'Gabriel Araujo de Sousa', NULL, '', '', '', '(  )      -    ', '(  )      -    ', '', '', '', '', '', '', ''),
(45, 'Saulo Lorenzio Sousa Viana', NULL, '', '', '', '(  )      -    ', '(  )      -    ', '', '', '', '', '', '', ''),
(46, 'Maria Antonia dos S. Araujo', NULL, '', '', '', '(  )      -    ', '(  )      -    ', '', '', '', '', '', '', ''),
(47, 'Railandia da Silva', NULL, '', '', '', '(  )      -    ', '(  )      -    ', '', '', '', '', '', '', ''),
(48, 'Natalia Joana Santos Costa', NULL, '', '', '', '(  )      -    ', '(  )      -    ', '', '', '', '', '', '', ''),
(49, 'Esther Pinheiro Costa', NULL, '', '', '', '(  )      -    ', '(  )      -    ', '', '', '', '', '', '', ''),
(50, 'Edison Shillevick Uriel Lima', NULL, '', '', '', '(  )      -    ', '(  )      -    ', '', '', '', '', '', '', ''),
(51, 'Iginete Maria', NULL, '', '', '', '(  )      -    ', '(  )      -    ', '', '', '', '', '', '', ''),
(52, 'Léticia Vitória Reis Sousa', NULL, '', '', '', '(  )      -    ', '(  )      -    ', '', '', '', '', '', '', ''),
(53, 'Maria Clara da Cruz Teixeira', NULL, '', '', '', '(  )      -    ', '(  )      -    ', '', '', '', '', '', '', ''),
(54, 'Rubens Sousa', NULL, '', '', '', '(  )      -    ', '(  )      -    ', '', '', '', '', '', '', ''),
(55, 'Airton Leitão da S. Filho', NULL, '', '', '', '(  )      -    ', '(  )      -    ', '', '', '', '', '', '', ''),
(56, 'Kailane da Conceição', NULL, '', '', '', '(  )      -    ', '(  )      -    ', '', '', '', '', '', '', ''),
(57, 'Gabrielle Martins Fernandes', NULL, '', '', '', '(  )      -    ', '(  )      -    ', '', '', '', '', '', '', ''),
(58, 'Luziane Xavier', NULL, '', '', '', '(  )      -    ', '(  )      -    ', '', '', '', '', '', '', ''),
(59, 'Carlos Daniell Araujo Chaves', NULL, '', '', '', '(  )      -    ', '(  )      -    ', '', '', '', '', '', '', ''),
(60, 'Raimundo Nonato', NULL, '', '', '', '(  )      -    ', '(  )      -    ', '', '', '', '', '', '', ''),
(61, 'Jefferson Lemos M', NULL, '', '', '', '(  )      -    ', '(  )      -    ', '', '', '', '', '', '', ''),
(62, 'Jhenyfer Mickaelle', NULL, '', '', '', '(  )      -    ', '(  )      -    ', '', '', '', '', '', '', ''),
(63, 'Jaiany Costa Silva', NULL, '', '', '', '(  )      -    ', '(  )      -    ', '', '', '', '', '', '', ''),
(64, 'Maurício de S. Ferreira', NULL, '', '', '', '(  )      -    ', '(  )      -    ', '', '', '', '', '', '', ''),
(65, 'Bruna Vitória', NULL, '', '', '', '(  )      -    ', '(  )      -    ', '', '', '', '', '', '', ''),
(66, 'Ana Beatriz Silveira', NULL, '', '', '', '(  )      -    ', '(  )      -    ', '', '', '', '', '', '', ''),
(67, 'Ana Beatriz Costa', NULL, '', '', '', '(  )      -    ', '(  )      -    ', '', '', '', '', '', '', ''),
(68, 'Mayara da Silva', NULL, '', '', '', '(  )      -    ', '(  )      -    ', '', '', '', '', '', '', ''),
(69, 'Francisco Elielson', NULL, '', '', '', '(  )      -    ', '(  )      -    ', '', '', '', '', '', '', ''),
(70, 'Ester Rodriques', NULL, '', '', '', '(  )      -    ', '(  )      -    ', '', '', '', '', '', '', ''),
(71, 'Kayke Alves', NULL, '', '', '', '(  )      -    ', '(  )      -    ', '', '', '', '', '', '', ''),
(72, 'Francisco Ítalo', NULL, '', '', '', '(  )      -    ', '(  )      -    ', '', '', '', '', '', '', ''),
(73, 'Levi Samuel dos Santos Silva', NULL, '', '', '', '(  )      -    ', '(  )      -    ', '', '', '', '', '', '', ''),
(74, 'Gisele Andrade de Miranda', NULL, '', '', '', '(  )      -    ', '(  )      -    ', '', '', '', '', '', '', ''),
(75, 'Anna Vitória F. Pádua', NULL, '', '', '', '(  )      -    ', '(  )      -    ', '', '', '', '', '', '', ''),
(76, 'Jefferson Carlos Ramos Pereira', NULL, '', '', '', '(  )      -    ', '(  )      -    ', '', '', '', '', '', '', ''),
(77, 'Cleane da Silva', NULL, '', '', '', '(  )      -    ', '(  )      -    ', '', '', '', '', '', '', ''),
(78, 'Tailson da Costa Nunes', NULL, '', '', '', '(  )      -    ', '(  )      -    ', '', '', '', '', '', '', ''),
(79, 'James Diego Alves de Moura', NULL, '', '', '', '(  )      -    ', '(  )      -    ', '', '', '', '', '', '', ''),
(80, 'Maria Eduarda da S. Cois', NULL, '', '', '', '(  )      -    ', '(  )      -    ', '', '', '', '', '', '', ''),
(81, 'Eryelton Oliveira da Silva', NULL, '', '', '', '(  )      -    ', '(  )      -    ', '', '', '', '', '', '', ''),
(82, 'Maria das Neves', NULL, '', '', '', '(  )      -    ', '(  )      -    ', '', '', '', '', '', '', ''),
(83, 'Paola Santos de Jesus', NULL, '', '', '', '(  )      -    ', '(  )      -    ', '', '', '', '', '', '', ''),
(84, 'Taís Santos de Jesus', NULL, '', '', '', '(  )      -    ', '(  )      -    ', '', '', '', '', '', '', ''),
(85, 'Denilson Ramos Brito', NULL, '', '', '', '(  )      -    ', '(  )      -    ', '', '', '', '', '', '', ''),
(86, 'Francisco Wanderson Cruz', NULL, '', '', '', '(  )      -    ', '(  )      -    ', '', '', '', '', '', '', ''),
(87, 'Suene Mendes Lima', NULL, '', '', '', '(  )      -    ', '(  )      -    ', '', '', '', '', '', '', ''),
(88, 'Joaquim de Oliveira S. Santos', NULL, '', '', '', '(  )      -    ', '(  )      -    ', '', '', '', '', '', '', ''),
(89, 'Maria Clara Auves da R. Xavier', NULL, '', '', '', '(  )      -    ', '(  )      -    ', '', '', '', '', '', '', ''),
(90, 'João Pedro de Oliveira da S. S.', NULL, '', '', '', '(  )      -    ', '(  )      -    ', '', '', '', '', '', '', ''),
(91, 'Francisco Leocádio', NULL, '', '', '', '(  )      -    ', '(  )      -    ', '', '', '', '', '', '', ''),
(92, 'Pedro Henrique', NULL, '', '', '', '(  )      -    ', '(  )      -    ', '', '', '', '', '', '', ''),
(93, 'Celio Campos G. Junior', NULL, '', '', '', '(  )      -    ', '(  )      -    ', '', '', '', '', '', '', ''),
(94, 'João Vitor Silva Oliveira', NULL, '', '', '', '(  )      -    ', '(  )      -    ', '', '', '', '', '', '', ''),
(95, 'Fernanda da Conceição Silva', NULL, '', '', '', '(  )      -    ', '(  )      -    ', '', '', '', '', '', '', ''),
(96, 'Jackeline da Conceição Silva', NULL, '', '', '', '(  )      -    ', '(  )      -    ', '', '', '', '', '', '', ''),
(97, 'Joseane Cristina C. Silva', NULL, '', '', '', '(  )      -    ', '(  )      -    ', '', '', '', '', '', '', ''),
(98, 'Rogério Carneiro', NULL, '', '', '', '(  )      -    ', '(  )      -    ', '', '', '', '', '', '', ''),
(99, 'Limarcos', NULL, '', '', '', '(  )      -    ', '(  )      -    ', '', '', '', '', '', '', ''),
(100, 'Maryana dos Santos', NULL, '', '', '', '(  )      -    ', '(  )      -    ', '', '', '', '', '', '', ''),
(101, 'Wesley dos Santos', NULL, '', '', '', '(  )      -    ', '(  )      -    ', '', '', '', '', '', '', ''),
(102, 'Huan Lucas Baracho', NULL, '', '', '', '(  )      -    ', '(  )      -    ', '', '', '', '', '', '', ''),
(103, 'Elielton', NULL, '', '', '', '(  )      -    ', '(  )      -    ', '', '', '', '', '', '', ''),
(104, 'Andyara Sicarely Vieira Cunha', NULL, '', '', '', '(  )      -    ', '(  )      -    ', '', '', '', '', '', '', ''),
(105, 'Ingrid Vitória Moraes de Lima', NULL, '', '', '', '(  )      -    ', '(  )      -    ', '', '', '', '', '', '', ''),
(106, 'Maria Antonia dos S. Silva', NULL, '', '', '', '(  )      -    ', '(  )      -    ', '', '', '', '', '', '', ''),
(107, 'Antonio Francisco', NULL, '', '', '', '(  )      -    ', '(  )      -    ', '', '', '', '', '', '', ''),
(108, 'André Alisson dos Santos', NULL, '', '', '', '(  )      -    ', '(  )      -    ', '', '', '', '', '', '', ''),
(109, 'Daniela Veras Figueiredo', NULL, '', '', '', '(  )      -    ', '(  )      -    ', '', '', '', '', '', '', ''),
(110, 'Tiago Serra da Silva', NULL, '', '', '', '(  )      -    ', '(  )      -    ', '', '', '', '', '', '', ''),
(111, 'Suelene Pereira da Conceição', NULL, '', '', '', '(  )      -    ', '(  )      -    ', '', '', '', '', '', '', ''),
(112, 'Mauriane da Silva Ferreira', NULL, '', '', '', '(  )      -    ', '(  )      -    ', '', '', '', '', '', '', ''),
(113, 'Josilene Ribeiro da Silva', NULL, '', '', '', '(  )      -    ', '(  )      -    ', '', '', '', '', '', '', ''),
(114, 'Andreia Clara', NULL, '', '', '', '(  )      -    ', '(  )      -    ', '', '', '', '', '', '', ''),
(115, 'Francisca das Chagas da Silva', NULL, '', '', '', '(  )      -    ', '(  )      -    ', '', '', '', '', '', '', ''),
(116, 'Joana Kelly', NULL, '', '', '', '(  )      -    ', '(  )      -    ', '', '', '', '', '', '', ''),
(117, 'Daniele Pereira da Silva', NULL, '', '', '', '(  )      -    ', '(  )      -    ', '', '', '', '', '', '', ''),
(118, 'Jaice Sousa Pereira', NULL, '', '', '', '(  )      -    ', '(  )      -    ', '', '', '', '', '', '', ''),
(119, 'João Nogueira Neto', NULL, '', '', '', '(  )      -    ', '(  )      -    ', '', '', '', '', '', '', ''),
(120, 'Daniel Santos Costa', NULL, '', '', '', '(  )      -    ', '(  )      -    ', '', '', '', '', '', '', ''),
(121, 'Rosita Costa Sobrinho', NULL, '', '', '', '(  )      -    ', '(  )      -    ', '', '', '', '', '', '', ''),
(122, 'Edenilde F. dos Santos', NULL, '', '', '', '(  )      -    ', '(  )      -    ', '', '', '', '', '', '', ''),
(123, 'Ludmila S. de Araújo', NULL, '', '', '', '(  )      -    ', '(  )      -    ', '', '', '', '', '', '', ''),
(124, 'Erick Wendel Costa Sobrinho', NULL, '', '', '', '(  )      -    ', '(  )      -    ', '', '', '', '', '', '', ''),
(125, 'Camila dos S. Silva', NULL, '', '', '', '(  )      -    ', '(  )      -    ', '', '', '', '', '', '', ''),
(126, 'Samela Katine', NULL, '', '', '', '(  )      -    ', '(  )      -    ', '', '', '', '', '', '', ''),
(127, 'Fernando Dos Santos Maciel', NULL, '', '', '', '(  )      -    ', '(  )      -    ', '', '', '', '', '', '', ''),
(128, 'Raylane Raíssa', NULL, '', '', '', '(  )      -    ', '(  )      -    ', '', '', '', '', '', '', ''),
(129, 'Amanda Vitória', NULL, '', '', '', '(  )      -    ', '(  )      -    ', '', '', '', '', '', '', ''),
(130, 'Victor Emanoel', NULL, '', '', '', '(  )      -    ', '(  )      -    ', '', '', '', '', '', '', ''),
(131, 'Francisco Alisson', NULL, '', '', '', '(  )      -    ', '(  )      -    ', '', '', '', '', '', '', ''),
(132, 'Marcone Dias', NULL, '', '', '', '(  )      -    ', '(  )      -    ', '', '', '', '', '', '', ''),
(133, 'Maria Eduarda Lopes Mendes', NULL, '', '', '', '(  )      -    ', '(  )      -    ', '', '', '', '', '', '', ''),
(134, 'Maria Rozangela', NULL, '', '', '', '(  )      -    ', '(  )      -    ', '', '', '', '', '', '', ''),
(135, 'Ronald Vitorio', NULL, '', '', '', '(  )      -    ', '(  )      -    ', '', '', '', '', '', '', ''),
(136, 'Euclides', NULL, '', '', '', '(  )      -    ', '(  )      -    ', '', '', '', '', '', '', ''),
(137, 'Matheus Francisco dos S. Silva', NULL, '', '', '', '(  )      -    ', '(  )      -    ', '', '', '', '', '', '', ''),
(138, 'João Vitor Matos Portel', NULL, '', '', '', '(  )      -    ', '(  )      -    ', '', '', '', '', '', '', ''),
(139, 'Francisco Eziles', NULL, '', '', '', '(  )      -    ', '(  )      -    ', '', '', '', '', '', '', ''),
(140, 'Luis Gabriel da Silva de Sousa', NULL, '', '', '', '(  )      -    ', '(  )      -    ', '', '', '', '', '', '', ''),
(141, 'Gustavo Gabriel', NULL, '', '', '', '(  )      -    ', '(  )      -    ', '', '', '', '', '', '', ''),
(142, 'Eliete Pereira da Silva de Sousa', NULL, '', '', '', '(  )      -    ', '(  )      -    ', '', '', '', '', '', '', ''),
(143, 'Anthony Kauan O. Guimarães', NULL, '', '', '', '(  )      -    ', '(  )      -    ', '', '', '', '', '', '', ''),
(144, 'Crislene Campos Ferreira', NULL, '', '', '', '(  )      -    ', '(  )      -    ', '', '', '', '', '', '', ''),
(145, 'Libanio Sousa Guimarães ', NULL, '', '', '', '(  )      -    ', '(  )      -    ', '', '', '', '', '', '', ''),
(146, 'Davi Moiseis O. V. Gonçalves', NULL, '', '', '', '(  )      -    ', '(  )      -    ', '', '', '', '', '', '', ''),
(147, 'Carliane Costa da Silva', NULL, '', '', '', '(  )      -    ', '(  )      -    ', '', '', '', '', '', '', ''),
(148, 'Henrique Gabriel N. de Oliveira', NULL, '', '', '', '(  )      -    ', '(  )      -    ', '', '', '', '', '', '', ''),
(149, 'Francisca Caroline dos S. Sousa', NULL, '', '', '', '(  )      -    ', '(  )      -    ', '', '', '', '', '', '', ''),
(150, 'Graciane da Conceição', NULL, '', '', '', '(  )      -    ', '(  )      -    ', '', '', '', '', '', '', ''),
(151, 'Gildevan Evangelista', NULL, '', '', '', '(  )      -    ', '(  )      -    ', '', '', '', '', '', '', ''),
(152, 'Antonio Francisco ', NULL, '', '', '', '(  )      -    ', '(  )      -    ', '', '', '', '', '', '', ''),
(153, 'Samara Alencar Mendes', NULL, '', '', '', '(  )      -    ', '(  )      -    ', '', '', '', '', '', '', ''),
(154, 'Lucas Santos da Silva', NULL, '', '', '', '(  )      -    ', '(  )      -    ', '', '', '', '', '', '', ''),
(155, 'Kailane Nascimento ', NULL, '', '', '', '(  )      -    ', '(  )      -    ', '', '', '', '', '', '', ''),
(156, 'Leonardo Yviny ', NULL, '', '', '', '(  )      -    ', '(  )      -    ', '', '', '', '', '', '', ''),
(157, 'Rinara Suelen Arruda N. Pereira', NULL, '', '', '', '(  )      -    ', '(  )      -    ', '', '', '', '', '', '', ''),
(158, 'Walyson Pinheiro Ximenes', NULL, '', '', '', '(  )      -    ', '(  )      -    ', '', '', '', '', '', '', ''),
(159, 'Rhanna Mel Fuigueira', NULL, '', '', '', '(  )      -    ', '(  )      -    ', '', '', '', '', '', '', ''),
(160, 'Moises Ribeiro', NULL, '', '', '', '(  )      -    ', '(  )      -    ', '', '', '', '', '', '', ''),
(162, 'José Gabriel', NULL, '', '', '', '(  )      -    ', '(  )      -    ', '', '', '', '', '', '', ''),
(163, 'Alessandro Ferreira Santos', NULL, '', '', '', '(  )      -    ', '(  )      -    ', '', '', '', '', '', '', ''),
(164, 'Jailde Nascimento Paula', NULL, '', '', '', '(  )      -    ', '(  )      -    ', '', '', '', '', '', '', ''),
(165, 'Mayrane Ramalho de Sousa Rêgo', NULL, '', '', '', '(  )      -    ', '(  )      -    ', '', '', '', '', '', '', ''),
(166, 'Luís Eduardo da Silva Lopes', NULL, '', '', '', '(  )      -    ', '(  )      -    ', '', '', '', '', '', '', ''),
(167, 'Anderson Daniel Pimentel', NULL, '', '', '', '(  )      -    ', '(  )      -    ', '', '', '', '', '', '', ''),
(168, 'Josué Alexandre Lopes da Silva', NULL, '', '', '', '(  )      -    ', '(  )      -    ', '', '', '', '', '', '', ''),
(169, 'Vurga', NULL, '', '', '', '(  )      -    ', '(  )      -    ', '', '', '', '', '', '', ''),
(170, 'Ana Caroline Nascimento dos Santos', NULL, '', '', '', '(  )      -    ', '(  )      -    ', '', '', '', '', '', '', ''),
(171, 'Vitor Gabriel Sousa Santos', NULL, '', '', '', '(  )      -    ', '(  )      -    ', '', '', '', '', '', '', ''),
(172, 'André Guilherme S.C', NULL, '', '', '', '(  )      -    ', '(  )      -    ', '', '', '', '', '', '', ''),
(173, 'Evaldina Geovana', NULL, '', '', '', '(  )      -    ', '(  )      -    ', '', '', '', '', '', '', ''),
(174, 'Aline Rute', NULL, '', '', '', '(  )      -    ', '(  )      -    ', '', '', '', '', '', '', ''),
(175, 'Leonardo da Costa', NULL, '', '', '', '(  )      -    ', '(  )      -    ', '', '', '', '', '', '', ''),
(176, 'Jadson Caik N. do Carmo', NULL, '', '', '', '(  )      -    ', '(  )      -    ', '', '', '', '', '', '', ''),
(177, 'Adriel Victor Ferreira', NULL, '', '', '', '(  )      -    ', '(  )      -    ', '', '', '', '', '', '', ''),
(178, 'José Igor Silva de Araújo', NULL, '', '', '', '(  )      -    ', '(  )      -    ', '', '', '', '', '', '', ''),
(179, 'Carlos Eduardo de O. dos Santos', NULL, '', '', '', '(  )      -    ', '(  )      -    ', '', '', '', '', '', '', ''),
(180, 'Kaick Miquel Barros', NULL, '', '', '', '(  )      -    ', '(  )      -    ', '', '', '', '', '', '', ''),
(181, 'Vivian Emanuelly obs:', NULL, '', '', '', '(  )      -    ', '(  )      -    ', '', '', '', '', '', '', ''),
(182, 'Antony Diego', NULL, '', '', '', '(  )      -    ', '(  )      -    ', '', '', '', '', '', '', ''),
(183, 'Mariana Samara de S. Santos', NULL, '', '', '', '(  )      -    ', '(  )      -    ', '', '', '', '', '', '', ''),
(184, 'Pedro Guilherme N. Ferreira', NULL, '', '', '', '(  )      -    ', '(  )      -    ', '', '', '', '', '', '', ''),
(185, 'Antonio Francisco F. de Assis ', NULL, '', '', '', '(  )      -    ', '(  )      -    ', '', '', '', '', '', '', ''),
(186, 'Cauby Manoel M. Neto ', NULL, '', '', '', '(  )      -    ', '(  )      -    ', '', '', '', '', '', '', ''),
(187, 'Carlos Daniel ', NULL, '', '', '', '(  )      -    ', '(  )      -    ', '', '', '', '', '', '', ''),
(188, 'César Henrique ', NULL, '', '', '', '(  )      -    ', '(  )      -    ', '', '', '', '', '', '', ''),
(189, 'Renato Costa Melo', NULL, '', '', '', '(  )      -    ', '(  )      -    ', '', '', '', '', '', '', ''),
(190, 'Armando Gabriel', NULL, '', '', '', '(  )      -    ', '(  )      -    ', '', '', '', '', '', '', ''),
(191, 'Gustavo Henrique', NULL, '', '', '', '(  )      -    ', '(  )      -    ', '', '', '', '', '', '', ''),
(192, 'João Victor Damasceno ', NULL, '', '', '', '(  )      -    ', '(  )      -    ', '', '', '', '', '', '', ''),
(193, 'Francisco Ilan', NULL, '', '', '', '(  )      -    ', '(  )      -    ', '', '', '', '', '', '', ''),
(195, 'Wanderson Yuri Araújo', NULL, '', '', '', '(  )      -    ', '(  )      -    ', '', '', '', '', '', '', ''),
(196, 'Thiago Lourenço', NULL, '', '', '', '(  )      -    ', '(  )      -    ', '', '', '', '', '', '', ''),
(197, 'Jackson Alves da Silva', NULL, '', '', '', '(  )      -    ', '(  )      -    ', '', '', '', '', '', '', ''),
(198, 'Matheus Irlan', NULL, '', '', '', '(  )      -    ', '(  )      -    ', '', '', '', '', '', '', ''),
(199, 'Francisca Idália', NULL, '', '', '', '(  )      -    ', '(  )      -    ', '', '', '', '', '', '', ''),
(200, 'Rilare Kauane M Pereira', NULL, '', '', '', '(  )      -    ', '(  )      -    ', '', '', '', '', '', '', ''),
(201, 'Thauendson de S. Santos', NULL, '', '', '', '(  )      -    ', '(  )      -    ', '', '', '', '', '', '', ''),
(202, 'Karina Gonçalves', NULL, '', '', '', '(  )      -    ', '(  )      -    ', '', '', '', '', '', '', ''),
(203, 'Vitor Manoel', NULL, '', '', '', '(  )      -    ', '(  )      -    ', '', '', '', '', '', '', ''),
(204, 'Emanuelle Bezerra', NULL, '', '', '', '(  )      -    ', '(  )      -    ', '', '', '', '', '', '', ''),
(205, 'Carlos Antonio', NULL, '', '', '', '(  )      -    ', '(  )      -    ', '', '', '', '', '', '', ''),
(206, 'Maria Gerlane', NULL, '', '', '', '(  )      -    ', '(  )      -    ', '', '', '', '', '', '', ''),
(207, 'Maurício Alencar', NULL, '', '', '', '(  )      -    ', '(  )      -    ', '', '', '', '', '', '', ''),
(208, 'Denilson Alencar', NULL, '', '', '', '(  )      -    ', '(  )      -    ', '', '', '', '', '', '', ''),
(209, 'Antonia Cleide', NULL, '', '', '', '(  )      -    ', '(  )      -    ', '', '', '', '', '', '', ''),
(210, 'Francinete Vilanova', NULL, '', '', '', '(  )      -    ', '(  )      -    ', '', '', '', '', '', '', ''),
(211, 'Vanessa Maria', NULL, '', '', '', '(  )      -    ', '(  )      -    ', '', '', '', '', '', '', ''),
(212, 'Aline Aquiar de Sousa', NULL, '', '', '', '(  )      -    ', '(  )      -    ', '', '', '', '', '', '', ''),
(213, 'Vinicius Yan', NULL, '', '', '', '(  )      -    ', '(  )      -    ', '', '', '', '', '', '', ''),
(214, 'Camila dos Santos', NULL, '', '', '', '(  )      -    ', '(  )      -    ', '', '', '', '', '', '', ''),
(215, 'Edenildes dos Santos', NULL, '', '', '', '(  )      -    ', '(  )      -    ', '', '', '', '', '', '', ''),
(216, 'Francinete Vila Nova', NULL, '', '', '', '(  )      -    ', '(  )      -    ', '', '', '', '', '', '', ''),
(218, 'Calby', NULL, '', '', '', '(  )      -    ', '(  )      -    ', '', '', '', '', '', '', ''),
(219, 'Luth Mylla Monteiro', NULL, '', '', '', '(  )      -    ', '(  )      -    ', '', '', '', '', '', '', ''),
(220, 'João Neto', NULL, '', '', '', '(  )      -    ', '(  )      -    ', '', '', '', '', '', '', ''),
(221, 'Mikael Albuquerque', NULL, '', '', '', '(  )      -    ', '(  )      -    ', '', '', '', '', '', '', ''),
(222, 'Deusiano', NULL, '', '', '', '(  )      -    ', '(  )      -    ', '', '', '', '', '', '', ''),
(223, 'Maria Eduarda', NULL, '', '', '', '(  )      -    ', '(  )      -    ', '', '', '', '', '', '', ''),
(224, 'Rikelme Alves', NULL, '', '', '', '(  )      -    ', '(  )      -    ', '', '', '', '', '', '', ''),
(225, 'Maurício Ferreira', NULL, '', '', '', '(  )      -    ', '(  )      -    ', '', '', '', '', '', '', ''),
(226, 'Francile', NULL, '', '', '', '(  )      -    ', '(  )      -    ', '', '', '', '', '', '', ''),
(227, 'Manoel Henrique dos Santos', NULL, '', '', '', '(  )      -    ', '(  )      -    ', '', '', '', '', '', '', ''),
(228, 'Carina Gonsalves', NULL, '', '', '', '(  )      -    ', '(  )      -    ', '', '', '', '', '', '', ''),
(229, 'Genilson José Oliveira', NULL, '', '', '', '(  )      -    ', '(  )      -    ', '', '', '', '', '', '', ''),
(230, 'Antonio Marcos', NULL, '', '', '', '(  )      -    ', '(  )      -    ', '', '', '', '', '', '', ''),
(231, 'Valkeid', NULL, '', '', '', '(  )      -    ', '(  )      -    ', '', '', '', '', '', '', ''),
(233, 'Francisco Ylan', NULL, '', '', '', '(  )      -    ', '(  )      -    ', '', '', '', '', '', '', '');

-- --------------------------------------------------------

--
-- Estrutura da tabela `chamada`
--

CREATE TABLE IF NOT EXISTS `chamada` (
  `id` int(11) NOT NULL AUTO_INCREMENT,
  `Data` date DEFAULT NULL,
  `idAluno` int(11) DEFAULT NULL,
  `idTurma` int(11) DEFAULT NULL,
  `Obs` blob,
  PRIMARY KEY (`id`),
  KEY `aluno_chamada_idx` (`idAluno`),
  KEY `turma_chamada` (`idTurma`)
) ENGINE=InnoDB  DEFAULT CHARSET=utf8 AUTO_INCREMENT=559 ;

--
-- Extraindo dados da tabela `chamada`
--

INSERT INTO `chamada` (`id`, `Data`, `idAluno`, `idTurma`, `Obs`) VALUES
(1, '2018-01-16', 1, 1, ''),
(3, '2018-01-16', 2, 1, ''),
(4, '2018-01-16', 4, 1, ''),
(5, '2018-01-16', 6, 1, ''),
(6, '2018-01-16', 7, 1, ''),
(7, '2018-01-16', 8, 1, ''),
(8, '2018-01-16', 9, 2, ''),
(9, '2018-01-16', 10, 2, ''),
(11, '2018-01-16', 13, 2, ''),
(12, '2018-01-16', 14, 2, ''),
(13, '2018-01-16', 18, 2, ''),
(14, '2018-01-16', 19, 2, ''),
(15, '2018-01-17', 22, 6, ''),
(16, '2018-01-17', 23, 6, ''),
(17, '2018-01-17', 25, 6, ''),
(18, '2018-01-17', 27, 6, ''),
(19, '2018-01-17', 28, 6, ''),
(20, '2018-01-17', 21, 6, ''),
(21, '2018-01-17', 29, 7, ''),
(22, '2018-01-17', 30, 7, ''),
(23, '2018-01-17', 31, 7, ''),
(25, '2018-01-17', 34, 7, ''),
(26, '2018-01-17', 35, 7, ''),
(27, '2018-01-17', 36, 7, ''),
(28, '2018-01-19', 37, 8, ''),
(29, '2018-01-19', 38, 8, ''),
(30, '2018-01-19', 39, 8, ''),
(31, '2018-01-19', 40, 8, ''),
(32, '2018-01-19', 41, 8, ''),
(33, '2018-01-19', 43, 8, ''),
(34, '2018-01-19', 48, 9, ''),
(35, '2018-01-19', 50, 9, ''),
(36, '2018-01-19', 52, 9, ''),
(37, '2018-01-19', 53, 9, ''),
(38, '2018-01-19', 54, 9, ''),
(39, '2018-01-19', 55, 9, ''),
(40, '2018-01-20', 58, 10, ''),
(41, '2018-01-20', 61, 10, ''),
(42, '2018-01-20', 63, 10, ''),
(43, '2018-01-20', 64, 10, ''),
(44, '2018-01-20', 67, 10, ''),
(45, '2018-01-20', 70, 10, ''),
(46, '2018-01-20', 73, 10, ''),
(47, '2018-01-20', 126, 16, ''),
(48, '2018-01-20', 83, 11, ''),
(49, '2018-01-20', 78, 11, ''),
(50, '2018-01-20', 85, 11, ''),
(51, '2018-01-20', 80, 11, ''),
(52, '2018-01-20', 75, 11, ''),
(53, '2018-01-20', 130, 15, ''),
(54, '2018-01-20', 118, 15, ''),
(55, '2018-01-20', 81, 11, ''),
(56, '2018-01-20', 117, 15, ''),
(57, '2018-01-20', 120, 15, ''),
(58, '2018-01-20', 119, 15, ''),
(59, '2018-01-20', 141, 18, ''),
(60, '2018-01-20', 143, 18, ''),
(61, '2018-01-20', 146, 18, ''),
(62, '2018-01-20', 148, 18, ''),
(63, '2018-01-20', 149, 18, ''),
(64, '2018-01-20', 153, 18, ''),
(65, '2018-01-20', 154, 18, ''),
(66, '2018-01-20', 158, 18, ''),
(67, '2018-01-20', 160, 18, ''),
(68, '2018-01-20', 159, 18, ''),
(69, '2018-01-20', 87, 12, ''),
(70, '2018-01-20', 91, 12, ''),
(71, '2018-01-20', 92, 12, ''),
(72, '2018-01-20', 93, 12, ''),
(73, '2018-01-20', 57, 12, ''),
(74, '2018-01-20', 94, 13, ''),
(75, '2018-01-20', 97, 13, ''),
(76, '2018-01-20', 98, 13, ''),
(77, '2018-01-20', 99, 13, ''),
(78, '2018-01-20', 101, 13, ''),
(79, '2018-01-20', 103, 13, ''),
(80, '2018-01-20', 163, 19, ''),
(81, '2018-01-20', 167, 19, ''),
(82, '2018-01-20', 172, 19, ''),
(83, '2018-01-20', 104, 14, ''),
(84, '2018-01-20', 106, 14, ''),
(85, '2018-01-20', 107, 14, ''),
(86, '2018-01-20', 109, 14, ''),
(87, '2018-01-20', 110, 14, ''),
(88, '2018-01-20', 111, 14, ''),
(89, '2018-01-20', 114, 14, ''),
(90, '2018-01-20', 162, 20, ''),
(91, '2018-01-20', 170, 20, ''),
(92, '2018-01-20', 171, 20, ''),
(93, '2018-01-20', 173, 20, ''),
(94, '2018-01-20', 175, 20, ''),
(95, '2018-01-20', 177, 20, ''),
(96, '2018-01-20', 178, 20, ''),
(97, '2018-01-20', 180, 20, ''),
(98, '2018-01-20', 181, 20, ''),
(99, '2018-01-20', 182, 20, ''),
(100, '2018-01-23', 1, 1, ''),
(101, '2018-01-23', 2, 1, ''),
(102, '2018-01-23', 4, 1, ''),
(103, '2018-01-23', 6, 1, ''),
(104, '2018-01-23', 7, 1, ''),
(105, '2018-01-23', 8, 1, ''),
(106, '2018-01-23', 13, 2, ''),
(107, '2018-01-23', 14, 2, ''),
(108, '2018-01-23', 15, 2, ''),
(109, '2018-01-23', 18, 2, ''),
(110, '2018-01-23', 19, 2, ''),
(111, '2018-01-23', 9, 2, ''),
(112, '2018-01-24', 21, 6, ''),
(113, '2018-01-24', 22, 6, ''),
(114, '2018-01-24', 23, 6, ''),
(115, '2018-01-24', 24, 6, ''),
(116, '2018-01-24', 27, 6, ''),
(117, '2018-01-24', 28, 6, ''),
(118, '2018-01-24', 29, 7, ''),
(119, '2018-01-24', 30, 7, ''),
(120, '2018-01-24', 31, 7, ''),
(121, '2018-01-24', 32, 7, ''),
(122, '2018-01-24', 33, 7, ''),
(123, '2018-01-24', 34, 7, ''),
(124, '2018-01-24', 35, 7, ''),
(125, '2018-01-24', 36, 7, ''),
(127, '2018-01-25', 183, 21, ''),
(128, '2018-01-25', 184, 21, ''),
(129, '2018-01-25', 186, 21, ''),
(130, '2018-01-25', 189, 21, ''),
(131, '2018-01-25', 190, 21, ''),
(132, '2018-01-25', 201, 21, ''),
(133, '2018-01-25', 191, 21, ''),
(134, '2018-01-26', 37, 8, ''),
(135, '2018-01-26', 38, 8, ''),
(136, '2018-01-26', 39, 8, ''),
(137, '2018-01-26', 40, 8, ''),
(138, '2018-01-26', 41, 8, ''),
(139, '2018-01-26', 46, 9, ''),
(140, '2018-01-26', 47, 9, ''),
(142, '2018-01-26', 52, 9, ''),
(143, '2018-01-26', 53, 9, ''),
(144, '2018-01-26', 54, 9, ''),
(145, '2018-01-26', 55, 9, ''),
(146, '2018-01-26', 51, 9, ''),
(151, '2018-01-25', 188, 21, 0x5265706f7369e7e36f20646520436f72656c4452415720656d2032352f30312f32303138206465203135206173203137),
(152, '2018-01-27', 117, 15, ''),
(153, '2018-01-27', 119, 15, ''),
(155, '2018-01-27', 132, 15, ''),
(156, '2018-01-27', 120, 15, ''),
(157, '2018-01-27', 127, 15, ''),
(158, '2018-01-27', 118, 15, ''),
(159, '2018-01-27', 115, 15, ''),
(160, '2018-01-27', 141, 18, ''),
(161, '2018-01-27', 149, 18, ''),
(162, '2018-01-27', 153, 18, ''),
(163, '2018-01-27', 158, 18, ''),
(164, '2018-01-27', 160, 18, ''),
(165, '2018-01-27', 143, 18, ''),
(166, '2018-01-27', 87, 12, ''),
(167, '2018-01-27', 91, 12, ''),
(168, '2018-01-27', 93, 12, ''),
(169, '2018-01-27', 58, 10, ''),
(170, '2018-01-27', 64, 10, ''),
(171, '2018-01-27', 68, 10, ''),
(172, '2018-01-27', 71, 10, ''),
(174, '2018-01-27', 73, 10, ''),
(175, '2018-01-27', 74, 11, ''),
(176, '2018-01-27', 75, 11, ''),
(177, '2018-01-27', 76, 11, ''),
(178, '2018-01-27', 77, 11, ''),
(179, '2018-01-27', 78, 11, ''),
(180, '2018-01-27', 83, 11, ''),
(181, '2018-01-27', 85, 11, ''),
(182, '2018-01-27', 33, 11, ''),
(183, '2018-01-27', 163, 19, ''),
(184, '2018-01-27', 95, 13, ''),
(185, '2018-01-27', 97, 13, ''),
(186, '2018-01-27', 98, 13, ''),
(187, '2018-01-27', 99, 13, ''),
(188, '2018-01-27', 100, 13, ''),
(189, '2018-01-27', 103, 13, ''),
(190, '2018-01-27', 104, 14, ''),
(191, '2018-01-27', 107, 14, ''),
(192, '2018-01-27', 111, 14, ''),
(193, '2018-01-27', 112, 14, ''),
(194, '2018-01-27', 113, 14, ''),
(195, '2018-01-27', 79, 14, ''),
(196, '2018-01-27', 114, 14, ''),
(197, '2018-01-30', 2, 1, ''),
(198, '2018-01-30', 4, 1, ''),
(199, '2018-01-30', 6, 1, ''),
(200, '2018-01-30', 7, 1, ''),
(201, '2018-01-30', 8, 1, ''),
(202, '2018-01-30', 47, 1, ''),
(203, '2018-01-30', 46, 1, ''),
(204, '2018-01-30', 13, 2, ''),
(205, '2018-01-30', 15, 2, ''),
(206, '2018-01-30', 19, 2, ''),
(207, '2018-01-30', 10, 2, ''),
(208, '2018-01-30', 18, 2, ''),
(209, '2018-01-31', 21, 6, ''),
(210, '2018-01-31', 22, 6, ''),
(211, '2018-01-31', 25, 6, ''),
(212, '2018-01-31', 27, 6, ''),
(213, '2018-01-31', 23, 6, ''),
(214, '2018-01-31', 227, 6, ''),
(215, '2018-01-31', 29, 7, ''),
(216, '2018-01-31', 30, 7, ''),
(217, '2018-01-31', 31, 7, ''),
(218, '2018-01-31', 32, 7, ''),
(220, '2018-01-31', 34, 7, ''),
(221, '2018-01-31', 35, 7, ''),
(222, '2018-01-31', 36, 7, ''),
(223, '2018-02-01', 183, 21, ''),
(224, '2018-02-01', 185, 21, ''),
(225, '2018-02-01', 186, 21, ''),
(226, '2018-02-01', 189, 21, ''),
(227, '2018-02-01', 190, 21, ''),
(228, '2018-02-01', 184, 21, ''),
(229, '2018-02-01', 201, 21, ''),
(230, '2018-02-02', 37, 8, ''),
(231, '2018-02-02', 38, 8, ''),
(232, '2018-02-02', 39, 8, ''),
(233, '2018-02-02', 40, 8, ''),
(234, '2018-02-02', 41, 8, ''),
(235, '2018-02-02', 43, 8, ''),
(236, '2018-02-02', 50, 9, ''),
(237, '2018-02-02', 51, 9, ''),
(238, '2018-02-02', 52, 9, ''),
(239, '2018-02-02', 53, 9, ''),
(240, '2018-02-03', 58, 10, ''),
(241, '2018-02-03', 61, 10, ''),
(242, '2018-02-03', 62, 10, ''),
(243, '2018-02-03', 63, 10, ''),
(244, '2018-02-03', 64, 10, ''),
(245, '2018-02-03', 65, 10, ''),
(246, '2018-02-03', 68, 10, ''),
(247, '2018-02-03', 70, 10, ''),
(248, '2018-02-03', 71, 10, ''),
(249, '2018-02-03', 72, 10, ''),
(250, '2018-02-03', 73, 10, ''),
(251, '2018-02-03', 59, 10, ''),
(252, '2018-02-03', 74, 11, ''),
(253, '2018-02-03', 75, 11, ''),
(254, '2018-02-03', 76, 11, ''),
(255, '2018-02-03', 77, 11, ''),
(256, '2018-02-03', 78, 11, ''),
(257, '2018-02-03', 81, 11, ''),
(258, '2018-02-03', 82, 11, ''),
(259, '2018-02-03', 85, 11, ''),
(260, '2018-02-03', 33, 11, ''),
(261, '2018-02-03', 141, 18, ''),
(262, '2018-02-03', 146, 18, ''),
(263, '2018-02-03', 148, 18, ''),
(264, '2018-02-03', 149, 18, ''),
(265, '2018-02-03', 157, 18, ''),
(266, '2018-02-03', 158, 18, ''),
(267, '2018-02-03', 159, 18, ''),
(268, '2018-02-03', 160, 18, ''),
(269, '2018-02-03', 87, 12, ''),
(272, '2018-02-03', 91, 12, ''),
(273, '2018-02-03', 92, 12, ''),
(274, '2018-02-03', 57, 12, ''),
(275, '2018-02-03', 202, 12, ''),
(276, '2018-02-03', 229, 12, ''),
(277, '2018-02-03', 94, 13, ''),
(278, '2018-02-03', 95, 13, ''),
(279, '2018-02-03', 96, 13, ''),
(280, '2018-02-03', 97, 13, ''),
(281, '2018-02-03', 98, 13, ''),
(282, '2018-02-03', 99, 13, ''),
(283, '2018-02-03', 101, 13, ''),
(284, '2018-02-03', 162, 20, ''),
(286, '2018-02-03', 168, 20, ''),
(287, '2018-02-03', 170, 20, ''),
(288, '2018-02-03', 171, 20, ''),
(289, '2018-02-03', 173, 20, ''),
(290, '2018-02-03', 174, 20, ''),
(291, '2018-02-03', 175, 20, ''),
(292, '2018-02-03', 177, 20, ''),
(293, '2018-02-03', 178, 20, ''),
(295, '2018-02-03', 182, 20, ''),
(297, '2018-02-03', 180, 20, ''),
(298, '2018-02-03', 179, 20, ''),
(299, '2018-02-03', 103, 13, ''),
(300, '2018-02-03', 104, 14, ''),
(301, '2018-02-03', 106, 14, ''),
(302, '2018-02-03', 107, 14, ''),
(303, '2018-02-03', 109, 14, ''),
(304, '2018-02-03', 110, 14, ''),
(305, '2018-02-03', 111, 14, ''),
(306, '2018-02-03', 112, 14, ''),
(307, '2018-02-03', 113, 14, ''),
(308, '2018-02-03', 114, 14, ''),
(309, '2018-02-03', 79, 14, ''),
(310, '2018-02-06', 1, 1, ''),
(311, '2018-02-06', 2, 1, ''),
(312, '2018-02-06', 4, 1, ''),
(313, '2018-02-06', 6, 1, ''),
(314, '2018-02-06', 7, 1, ''),
(315, '2018-02-06', 46, 1, ''),
(316, '2018-02-06', 10, 2, ''),
(317, '2018-02-06', 13, 2, ''),
(318, '2018-02-06', 14, 2, ''),
(319, '2018-02-06', 15, 2, ''),
(320, '2018-02-06', 19, 2, ''),
(321, '2018-02-06', 9, 2, ''),
(322, '2018-02-07', 22, 6, ''),
(323, '2018-02-07', 27, 6, ''),
(324, '2018-02-07', 28, 6, ''),
(325, '2018-02-07', 32, 7, ''),
(326, '2018-02-07', 35, 7, ''),
(327, '2018-02-07', 36, 7, ''),
(328, '2018-02-07', 29, 7, ''),
(329, '2018-02-07', 30, 7, ''),
(330, '2018-02-07', 34, 7, ''),
(331, '2018-02-09', 37, 8, ''),
(332, '2018-02-09', 38, 8, ''),
(333, '2018-02-09', 41, 8, ''),
(334, '2018-02-09', 48, 9, ''),
(335, '2018-02-09', 52, 9, ''),
(336, '2018-02-09', 53, 9, ''),
(337, '2018-02-09', 55, 9, ''),
(338, '2018-02-09', 50, 9, ''),
(339, '2018-02-10', 122, 16, ''),
(340, '2018-02-10', 126, 16, ''),
(341, '2018-02-10', 128, 16, ''),
(342, '2018-02-10', 133, 16, ''),
(343, '2018-02-10', 134, 16, ''),
(344, '2018-02-10', 135, 16, ''),
(345, '2018-02-10', 136, 16, ''),
(346, '2018-02-10', 58, 10, ''),
(347, '2018-02-10', 59, 10, ''),
(348, '2018-02-10', 61, 10, ''),
(349, '2018-02-10', 63, 10, ''),
(350, '2018-02-10', 64, 10, ''),
(351, '2018-02-10', 65, 10, ''),
(352, '2018-02-10', 68, 10, ''),
(353, '2018-02-10', 71, 10, ''),
(354, '2018-02-10', 72, 10, ''),
(355, '2018-02-10', 73, 10, ''),
(357, '2018-02-10', 115, 15, ''),
(358, '2018-02-10', 117, 15, ''),
(359, '2018-02-10', 118, 15, ''),
(360, '2018-02-10', 119, 15, ''),
(361, '2018-02-10', 120, 15, ''),
(362, '2018-02-10', 127, 15, ''),
(363, '2018-02-10', 132, 15, ''),
(364, '2018-02-10', 130, 15, ''),
(365, '2018-02-10', 74, 11, ''),
(367, '2018-02-10', 76, 11, ''),
(368, '2018-02-10', 77, 11, ''),
(369, '2018-02-10', 78, 11, ''),
(371, '2018-02-10', 81, 11, ''),
(372, '2018-02-10', 82, 11, ''),
(373, '2018-02-10', 83, 11, ''),
(374, '2018-02-10', 84, 11, ''),
(375, '2018-02-10', 85, 11, ''),
(377, '2018-02-10', 33, 11, ''),
(378, '2018-02-10', 87, 12, ''),
(380, '2018-02-10', 91, 12, ''),
(381, '2018-02-10', 92, 12, ''),
(382, '2018-02-10', 57, 12, ''),
(383, '2018-02-10', 202, 12, ''),
(385, '2018-02-10', 230, 12, ''),
(386, '2018-02-10', 94, 13, ''),
(387, '2018-02-10', 95, 13, ''),
(388, '2018-02-10', 96, 13, ''),
(389, '2018-02-10', 97, 13, ''),
(390, '2018-02-10', 98, 13, ''),
(391, '2018-02-10', 99, 13, ''),
(392, '2018-02-10', 100, 13, ''),
(393, '2018-02-10', 101, 13, ''),
(395, '2018-02-10', 103, 13, ''),
(396, '2018-02-10', 104, 14, ''),
(397, '2018-02-10', 109, 14, ''),
(398, '2018-02-10', 110, 14, ''),
(399, '2018-02-10', 111, 14, ''),
(400, '2018-02-10', 112, 14, ''),
(401, '2018-02-10', 113, 14, ''),
(402, '2018-02-14', 27, 6, ''),
(403, '2018-02-14', 23, 6, ''),
(404, '2018-02-14', 1, 1, ''),
(405, '2018-02-14', 4, 1, ''),
(406, '2018-02-14', 6, 1, ''),
(407, '2018-02-14', 7, 1, ''),
(408, '2018-02-14', 47, 1, ''),
(409, '2018-02-14', 46, 1, ''),
(410, '2018-02-14', 29, 7, ''),
(411, '2018-02-14', 30, 7, ''),
(412, '2018-02-14', 31, 7, ''),
(413, '2018-02-14', 35, 7, ''),
(414, '2018-02-14', 36, 7, ''),
(415, '2018-02-16', 37, 8, ''),
(416, '2018-02-16', 38, 8, ''),
(417, '2018-02-16', 39, 8, ''),
(418, '2018-02-16', 40, 8, ''),
(419, '2018-02-16', 41, 8, ''),
(420, '2018-02-16', 43, 8, ''),
(421, '2018-02-16', 48, 9, ''),
(422, '2018-02-16', 50, 9, ''),
(423, '2018-02-16', 52, 9, ''),
(424, '2018-02-16', 53, 9, ''),
(425, '2018-02-16', 55, 9, ''),
(426, '2018-02-17', 74, 11, ''),
(427, '2018-02-17', 75, 11, ''),
(428, '2018-02-17', 76, 11, ''),
(429, '2018-02-17', 77, 11, ''),
(430, '2018-02-17', 78, 11, ''),
(431, '2018-02-17', 85, 11, ''),
(432, '2018-02-17', 61, 10, ''),
(433, '2018-02-17', 62, 10, ''),
(434, '2018-02-17', 63, 10, ''),
(435, '2018-02-17', 65, 10, ''),
(436, '2018-02-17', 73, 10, ''),
(437, '2018-02-17', 92, 12, ''),
(438, '2018-02-17', 57, 12, ''),
(439, '2018-02-17', 229, 12, ''),
(441, '2018-02-17', 87, 12, ''),
(442, '2018-02-17', 91, 12, ''),
(443, '2018-02-17', 93, 12, ''),
(444, '2018-02-17', 230, 12, ''),
(445, '2018-02-17', 94, 13, ''),
(446, '2018-02-17', 95, 13, ''),
(447, '2018-02-17', 96, 13, ''),
(448, '2018-02-17', 97, 13, ''),
(449, '2018-02-17', 98, 13, ''),
(450, '2018-02-17', 99, 13, ''),
(451, '2018-02-17', 100, 13, ''),
(452, '2018-02-17', 101, 13, ''),
(453, '2018-02-17', 103, 13, ''),
(454, '2018-02-17', 104, 14, ''),
(455, '2018-02-17', 106, 14, ''),
(456, '2018-02-17', 109, 14, ''),
(457, '2018-02-17', 110, 14, ''),
(458, '2018-02-17', 111, 14, ''),
(459, '2018-02-17', 112, 14, ''),
(460, '2018-02-17', 113, 14, ''),
(461, '2018-02-17', 79, 14, ''),
(462, '2018-02-20', 1, 1, ''),
(463, '2018-02-20', 2, 1, ''),
(464, '2018-02-20', 4, 1, ''),
(465, '2018-02-20', 6, 1, ''),
(466, '2018-02-20', 7, 1, ''),
(467, '2018-02-20', 8, 1, ''),
(468, '2018-02-20', 47, 1, ''),
(469, '2018-02-20', 46, 1, ''),
(470, '2018-02-20', 13, 2, ''),
(471, '2018-02-20', 14, 2, ''),
(472, '2018-02-20', 15, 2, ''),
(473, '2018-02-20', 19, 2, ''),
(474, '2018-02-22', 184, 21, ''),
(475, '2018-02-22', 185, 21, ''),
(476, '2018-02-22', 186, 21, ''),
(477, '2018-02-22', 188, 21, ''),
(478, '2018-02-22', 189, 21, ''),
(479, '2018-02-22', 190, 21, ''),
(480, '2018-02-22', 192, 21, ''),
(481, '2018-02-22', 183, 21, ''),
(482, '2018-02-24', 58, 10, ''),
(483, '2018-02-24', 61, 10, ''),
(484, '2018-02-24', 62, 10, ''),
(485, '2018-02-24', 63, 10, ''),
(486, '2018-02-24', 64, 10, ''),
(487, '2018-02-24', 65, 10, ''),
(488, '2018-02-24', 68, 10, ''),
(489, '2018-02-24', 71, 10, ''),
(490, '2018-02-24', 72, 10, ''),
(491, '2018-02-24', 73, 10, ''),
(492, '2018-02-24', 231, 10, ''),
(493, '2018-02-24', 74, 11, ''),
(494, '2018-02-24', 75, 11, ''),
(495, '2018-02-24', 76, 11, ''),
(496, '2018-02-24', 77, 11, ''),
(497, '2018-02-24', 78, 11, ''),
(499, '2018-02-24', 82, 11, ''),
(500, '2018-02-24', 83, 11, ''),
(501, '2018-02-24', 84, 11, ''),
(502, '2018-02-24', 85, 11, ''),
(503, '2018-02-24', 33, 11, ''),
(504, '2018-02-24', 81, 11, ''),
(505, '2018-02-27', 1, 1, ''),
(506, '2018-02-27', 2, 1, ''),
(508, '2018-02-27', 6, 1, ''),
(509, '2018-02-27', 7, 1, ''),
(510, '2018-02-27', 47, 1, ''),
(511, '2018-02-27', 46, 1, ''),
(513, '2018-02-27', 4, 1, 0x3220706f6e746f73),
(514, '2018-02-27', 10, 2, ''),
(515, '2018-02-27', 13, 2, ''),
(516, '2018-02-27', 14, 2, ''),
(517, '2018-02-27', 15, 2, ''),
(518, '2018-02-27', 19, 2, ''),
(519, '2018-02-28', 21, 6, ''),
(520, '2018-02-28', 27, 6, ''),
(521, '2018-02-28', 227, 6, ''),
(522, '2018-02-28', 25, 6, ''),
(523, '2018-02-28', 31, 7, ''),
(524, '2018-02-28', 35, 7, ''),
(525, '2018-02-28', 36, 7, ''),
(526, '2018-02-28', 195, 7, ''),
(527, '2018-02-28', 233, 7, ''),
(528, '2018-02-28', 32, 7, ''),
(529, '2018-02-28', 30, 7, ''),
(530, '2018-02-28', 29, 7, ''),
(531, '2018-02-28', 34, 7, ''),
(532, '2018-03-02', 39, 8, ''),
(533, '2018-03-02', 40, 8, ''),
(534, '2018-03-02', 41, 8, ''),
(535, '2018-03-02', 43, 8, ''),
(536, '2018-03-02', 48, 9, ''),
(537, '2018-03-02', 52, 9, ''),
(538, '2018-03-02', 53, 9, ''),
(540, '2018-03-02', 55, 9, ''),
(541, '2018-03-06', 1, 1, ''),
(542, '2018-03-06', 47, 1, ''),
(543, '2018-03-06', 46, 1, ''),
(544, '2018-03-06', 4, 1, ''),
(545, '2018-03-06', 2, 1, ''),
(546, '2018-03-06', 7, 1, ''),
(547, '2018-03-06', 10, 2, ''),
(548, '2018-03-06', 13, 2, ''),
(549, '2018-03-06', 14, 2, ''),
(550, '2018-03-06', 15, 2, ''),
(551, '2018-03-06', 19, 2, ''),
(552, '2018-03-07', 29, 7, ''),
(553, '2018-03-07', 30, 7, ''),
(554, '2018-03-07', 31, 7, ''),
(555, '2018-03-07', 32, 7, ''),
(556, '2018-03-07', 34, 7, ''),
(557, '2018-03-07', 35, 7, ''),
(558, '2018-03-07', 195, 7, '');

-- --------------------------------------------------------

--
-- Estrutura da tabela `matricula`
--

CREATE TABLE IF NOT EXISTS `matricula` (
  `id` int(11) NOT NULL AUTO_INCREMENT,
  `idAluno` int(11) DEFAULT NULL,
  `idTurma` int(11) DEFAULT NULL,
  PRIMARY KEY (`id`),
  KEY `aluno_idx` (`idAluno`),
  KEY `turma_idx` (`idTurma`)
) ENGINE=InnoDB  DEFAULT CHARSET=utf8 AUTO_INCREMENT=248 ;

--
-- Extraindo dados da tabela `matricula`
--

INSERT INTO `matricula` (`id`, `idAluno`, `idTurma`) VALUES
(1, 1, 1),
(3, 2, 1),
(4, 3, 1),
(5, 4, 1),
(6, 5, 1),
(7, 6, 1),
(8, 7, 1),
(9, 8, 1),
(13, 9, 2),
(14, 10, 2),
(15, 11, 2),
(16, 12, 2),
(17, 13, 2),
(18, 14, 2),
(19, 15, 2),
(20, 16, 2),
(21, 17, 2),
(22, 18, 2),
(23, 19, 2),
(24, 20, 3),
(25, 21, 6),
(26, 22, 6),
(27, 23, 6),
(28, 24, 6),
(29, 25, 6),
(30, 26, 6),
(31, 27, 6),
(32, 28, 6),
(33, 29, 7),
(34, 30, 7),
(35, 31, 7),
(36, 32, 7),
(37, 33, 7),
(38, 34, 7),
(39, 35, 7),
(40, 36, 7),
(41, 37, 8),
(42, 38, 8),
(43, 39, 8),
(44, 40, 8),
(45, 41, 8),
(46, 42, 8),
(47, 43, 8),
(48, 44, 9),
(49, 45, 9),
(50, 46, 9),
(51, 47, 9),
(52, 48, 9),
(53, 49, 9),
(54, 50, 9),
(55, 51, 9),
(56, 52, 9),
(57, 53, 9),
(58, 54, 9),
(59, 55, 9),
(60, 56, 9),
(61, 57, 10),
(62, 58, 10),
(63, 59, 10),
(64, 60, 10),
(65, 61, 10),
(66, 62, 10),
(67, 63, 10),
(68, 64, 10),
(69, 65, 10),
(70, 66, 10),
(71, 67, 10),
(72, 68, 10),
(73, 69, 10),
(74, 70, 10),
(75, 71, 10),
(76, 72, 10),
(77, 73, 10),
(78, 74, 11),
(79, 75, 11),
(80, 76, 11),
(81, 77, 11),
(82, 78, 11),
(83, 79, 11),
(84, 80, 11),
(85, 81, 11),
(86, 82, 11),
(87, 83, 11),
(88, 84, 11),
(89, 85, 11),
(90, 86, 11),
(91, 87, 12),
(92, 88, 12),
(93, 89, 12),
(94, 90, 12),
(95, 91, 12),
(96, 92, 12),
(97, 93, 12),
(98, 94, 13),
(99, 95, 13),
(100, 96, 13),
(101, 97, 13),
(102, 98, 13),
(103, 99, 13),
(104, 100, 13),
(105, 101, 13),
(106, 102, 13),
(107, 103, 13),
(108, 104, 14),
(109, 105, 14),
(110, 106, 14),
(111, 107, 14),
(112, 108, 14),
(113, 109, 14),
(114, 110, 14),
(115, 111, 14),
(116, 112, 14),
(117, 113, 14),
(119, 122, 16),
(120, 123, 16),
(121, 125, 16),
(122, 126, 16),
(123, 128, 16),
(124, 129, 16),
(125, 131, 16),
(126, 133, 16),
(127, 134, 16),
(128, 135, 16),
(129, 136, 16),
(130, 115, 15),
(131, 116, 15),
(132, 117, 15),
(133, 118, 15),
(134, 119, 15),
(135, 120, 15),
(136, 121, 15),
(137, 124, 15),
(138, 127, 15),
(139, 130, 15),
(140, 132, 15),
(141, 137, 17),
(142, 138, 17),
(143, 139, 17),
(144, 140, 17),
(145, 142, 17),
(146, 145, 17),
(147, 147, 17),
(148, 141, 18),
(149, 150, 17),
(150, 143, 18),
(151, 144, 18),
(152, 152, 17),
(153, 146, 18),
(154, 155, 17),
(155, 148, 18),
(156, 156, 17),
(157, 149, 18),
(158, 151, 18),
(159, 153, 18),
(160, 154, 18),
(161, 157, 18),
(162, 158, 18),
(163, 159, 18),
(164, 160, 18),
(165, 163, 19),
(166, 164, 19),
(167, 167, 19),
(168, 169, 19),
(169, 172, 19),
(170, 176, 19),
(172, 162, 20),
(173, 165, 20),
(174, 166, 20),
(175, 168, 20),
(176, 170, 20),
(177, 171, 20),
(178, 173, 20),
(179, 174, 20),
(180, 175, 20),
(181, 177, 20),
(182, 178, 20),
(183, 179, 20),
(184, 180, 20),
(185, 181, 20),
(186, 182, 20),
(187, 114, 14),
(188, 183, 21),
(189, 184, 21),
(190, 185, 21),
(191, 186, 21),
(192, 187, 21),
(193, 188, 21),
(194, 189, 21),
(195, 190, 21),
(196, 191, 21),
(197, 192, 21),
(199, 193, 22),
(200, 195, 22),
(201, 196, 22),
(202, 197, 22),
(203, 198, 22),
(204, 199, 22),
(205, 200, 22),
(206, 201, 22),
(207, 202, 22),
(208, 203, 22),
(209, 204, 22),
(210, 205, 22),
(211, 206, 22),
(212, 207, 22),
(213, 208, 22),
(214, 209, 22),
(215, 210, 22),
(216, 211, 22),
(217, 201, 21),
(218, 212, 3),
(219, 213, 3),
(220, 125, 3),
(221, 215, 3),
(222, 216, 3),
(223, 201, 3),
(224, 57, 3),
(225, 218, 3),
(226, 73, 23),
(227, 219, 23),
(228, 220, 23),
(229, 221, 23),
(230, 222, 23),
(231, 223, 23),
(232, 201, 23),
(233, 224, 23),
(234, 225, 23),
(235, 54, 23),
(236, 57, 12),
(237, 33, 11),
(238, 79, 14),
(239, 47, 1),
(240, 46, 1),
(241, 227, 6),
(242, 202, 12),
(243, 229, 12),
(244, 230, 12),
(245, 231, 10),
(246, 195, 7),
(247, 233, 7);

-- --------------------------------------------------------

--
-- Estrutura da tabela `parcela`
--

CREATE TABLE IF NOT EXISTS `parcela` (
  `id` int(11) NOT NULL AUTO_INCREMENT,
  `Data_de_Vencimento` date DEFAULT NULL,
  `Data_de_Pagamento` date DEFAULT NULL,
  `Valor_Pago` double DEFAULT NULL,
  `idMatricula` int(11) DEFAULT NULL,
  PRIMARY KEY (`id`),
  KEY `fk_matricula_parcela_idx` (`idMatricula`)
) ENGINE=InnoDB  DEFAULT CHARSET=utf8 AUTO_INCREMENT=14 ;

--
-- Extraindo dados da tabela `parcela`
--

INSERT INTO `parcela` (`id`, `Data_de_Vencimento`, `Data_de_Pagamento`, `Valor_Pago`, `idMatricula`) VALUES
(2, '2017-02-25', NULL, 0, 3),
(3, '2017-03-25', NULL, 0, 3),
(4, '2017-04-25', NULL, 0, 3),
(5, '2017-05-25', NULL, 0, 3),
(6, '2017-06-25', NULL, 0, 3),
(7, '2017-07-25', NULL, 0, 3),
(8, '2017-08-25', NULL, 0, 3),
(9, '2017-09-25', NULL, 0, 3),
(10, '2017-10-25', NULL, 0, 3),
(11, '2017-11-25', NULL, 0, 3),
(12, '2017-12-25', NULL, 0, 3),
(13, '2018-01-25', NULL, 0, 3);

-- --------------------------------------------------------

--
-- Estrutura da tabela `turma`
--

CREATE TABLE IF NOT EXISTS `turma` (
  `id` int(11) NOT NULL AUTO_INCREMENT,
  `Dia_da_semana` varchar(255) DEFAULT NULL,
  `Horario` varchar(255) DEFAULT NULL,
  `Curso` varchar(255) DEFAULT NULL,
  `Status` varchar(255) DEFAULT NULL,
  `Data_Inicio` date DEFAULT NULL,
  `Data_Termino` date DEFAULT NULL,
  PRIMARY KEY (`id`)
) ENGINE=InnoDB  DEFAULT CHARSET=utf8 AUTO_INCREMENT=24 ;

--
-- Extraindo dados da tabela `turma`
--

INSERT INTO `turma` (`id`, `Dia_da_semana`, `Horario`, `Curso`, `Status`, `Data_Inicio`, `Data_Termino`) VALUES
(1, 'Terça feira', '13 as 15', 'Módulo 1 e 2 / Fabiano', 'Em andamento', '2017-05-16', '2018-05-16'),
(2, 'Terça-Feira', '15 as 17', 'Módulo 1 e 2 / Fabiano', 'Em andamento', '2017-03-14', '2018-03-14'),
(3, 'Quarta-Feira', '7 as 9', 'Módulo 1 e 2 / Lucas', 'Em andamento', '2016-11-23', '2017-12-23'),
(6, 'Quarta feira', '13 as 15', 'Módulo 1 e 2 / Fabiano', 'Em andamento', '2017-11-11', '2018-11-11'),
(7, 'Quarta feira', '15 as 17', 'Módulo 1 e 2 / Fabiano', 'Em andamento', '2017-03-08', '2018-03-08'),
(8, 'Sexta feira', '13 as 15', 'Módulo 1 e 2 / Fabiano', 'Em andamento', '2017-02-03', '2018-02-03'),
(9, 'Sexta feira', '15 as 17', 'Módulo 1 e 2 / Fabiano', 'Em andamento', '2017-04-28', '2018-04-28'),
(10, 'Sábado', '7 as 9', 'Módulo 1 e 2 / Fabiano', 'Em andamento', '2017-11-04', '2018-11-04'),
(11, 'Sábado', '9 as 11', 'Módulo 1 e 2 / Fabiano', 'Em andamento', '2017-03-18', '2018-03-18'),
(12, 'Sábado', '11 as 13', 'Módulo 1 e 2 / Fabiano', 'Em andamento', '2017-12-16', '2018-12-16'),
(13, 'Sábado', '13 as 15', 'Módulo 3 e 4 / Fabiano', 'Em andamento', '2016-10-01', '2018-03-30'),
(14, 'Sábado', '15 as 17', 'Módulo 1 e 2 / Fabiano', 'Em andamento', '2017-04-08', '2018-04-08'),
(15, 'Sábado', '9 as 11', 'Modulo 1 e 2 / Eudes', 'Em andamento', '2017-09-02', '2018-09-02'),
(16, 'Sábado', '7 as 9', 'Módulo 1 e 2 / Eudes', 'Em andamento', '2017-02-03', '2018-02-03'),
(17, 'Sábado', '10/13', 'Agente de sáude, Ass.Adm, Atendente de farmacia', 'Em andamento', '2017-01-09', '2018-01-09'),
(18, 'Sábado', '11 as 13', 'Módulo 1 e 2 / Eudes', 'Em andamento', '2017-05-06', '2018-05-06'),
(19, 'Sábado', '13 as 15', 'Modulo 1 e 2 / Eudes', 'Em andamento', '2016-12-25', '0017-12-25'),
(20, 'Sábado', '15 as 17', 'Módulo 1 e 2 / Eudes', 'Em andamento', '2017-03-18', '2017-03-18'),
(21, 'Quinta-Feira', '7 as 9', 'Modulo 1 e 2 / Lucas', 'Em andamento', '2017-04-04', '2018-04-04'),
(22, 'Terça feira', '7 as 9', 'Módulo 1 e 2 / Lucas', 'Em andamento', '2017-03-14', '2018-03-14'),
(23, 'Quarta feira', '9 as 11', 'Módulo 1 e 2 / Lucas', 'Em andamento', '2017-11-04', '2018-11-04');

-- --------------------------------------------------------

--
-- Estrutura da tabela `usuario`
--

CREATE TABLE IF NOT EXISTS `usuario` (
  `id` int(11) NOT NULL AUTO_INCREMENT,
  `Nome` varchar(255) DEFAULT NULL,
  `Senha` varchar(255) DEFAULT NULL,
  `Tipo` varchar(255) DEFAULT NULL,
  PRIMARY KEY (`id`)
) ENGINE=InnoDB  DEFAULT CHARSET=utf8 AUTO_INCREMENT=7 ;

--
-- Extraindo dados da tabela `usuario`
--

INSERT INTO `usuario` (`id`, `Nome`, `Senha`, `Tipo`) VALUES
(1, 'Fabiano', '789', 'Professor'),
(2, 'Lucas Santos', '1234', 'Professor'),
(3, 'Stefane', '12345', 'Recepcionista'),
(4, 'Adriana', '123', 'Recepcionista'),
(5, 'Eudes', '123', 'Professor'),
(6, 'Sergio', '123', 'Professor');

--
-- Constraints for dumped tables
--

--
-- Limitadores para a tabela `chamada`
--
ALTER TABLE `chamada`
  ADD CONSTRAINT `aluno_chamada` FOREIGN KEY (`idAluno`) REFERENCES `aluno` (`id`) ON DELETE NO ACTION ON UPDATE NO ACTION,
  ADD CONSTRAINT `turma_chamada` FOREIGN KEY (`idTurma`) REFERENCES `turma` (`id`) ON DELETE NO ACTION ON UPDATE NO ACTION;

--
-- Limitadores para a tabela `matricula`
--
ALTER TABLE `matricula`
  ADD CONSTRAINT `aluno` FOREIGN KEY (`idAluno`) REFERENCES `aluno` (`id`) ON DELETE NO ACTION ON UPDATE NO ACTION,
  ADD CONSTRAINT `turma` FOREIGN KEY (`idTurma`) REFERENCES `turma` (`id`) ON DELETE NO ACTION ON UPDATE NO ACTION;

--
-- Limitadores para a tabela `parcela`
--
ALTER TABLE `parcela`
  ADD CONSTRAINT `fk_matricula_parcela` FOREIGN KEY (`idMatricula`) REFERENCES `matricula` (`id`) ON DELETE NO ACTION ON UPDATE NO ACTION;

/*!40101 SET CHARACTER_SET_CLIENT=@OLD_CHARACTER_SET_CLIENT */;
/*!40101 SET CHARACTER_SET_RESULTS=@OLD_CHARACTER_SET_RESULTS */;
/*!40101 SET COLLATION_CONNECTION=@OLD_COLLATION_CONNECTION */;
